﻿Article Date,Age,Cost Management Reference,Web URL,comments,Entity,Product,Logo
2023-03-09 00:00:00,1,GA: Spot Priority Mix,https://azure.microsoft.com/en-us/updates/ga-spot-priority-mix/,"Azure is excited to announce the General Availability of Spot Priority Mix, a new feature for Virtual Machine Scale Sets (VMSS) with Flexible Orchestration Mode enabled. With Spot Priority Mix, customers can now mix spot and standard virtual machines in their Flexible scale set, providing the high availability of standard virtual machines and the cost savings of Spot virtual machines. This feature also allows customers to autoscale their scale set with a percentage split of Spot and standard virtual machines, providing even more flexibility and cost optimization.

With Spot Priority Mix, customers can specify a base number of standard virtual machines and a percentage split of spot and standard virtual machines to be used when the scale set capacity is above the base number of standard virtual machines. This allows customers to ensure that their critical workloads are always running on standard virtual machines, while taking advantage of the cost savings offered by spot virtual machines for non-critical, interruptible workloads.




Azure Updates (RSS)
ID: ga-spot-priority-mix
Source: Power Automate (rowz)",Cost Management,Azure Spot VM,https://zaatom.blob.core.windows.net/product-logo/azure-spot-vm.svg
2023-03-06 00:00:00,4,More transactions at no additional cost for Azure Standard SSD,https://azure.microsoft.com/en-us/updates/more-transactions-at-no-additional-cost-for-azure-standard-ssd/,"As part of our commitment to delivering the best possible value for our Azure Disk Storage customers, we’re announcing a waiver for billable transactions that go beyond the hourly limit for Azure Standard SSD customers. As a result, we have made changes to the billable transaction costs per hour that can result in additional cost savings. 

The total cost of Azure Standard SSD storage depends on the size, number of disks, and the number of transactions. Any transactions that exceed the maximum hourly limit will not incur additional charges. New prices took effect on March 6th, 2023.




Azure Updates (RSS)
ID: more-transactions-at-no-additional-cost-for-azure-standard-ssd
Source: Power Automate (rowz)",Cost Management,Azure Standard SSD,https://zaatom.blob.core.windows.net/product-logo/azure-disk.svg
2023-03-03 00:00:00,7,Microsoft Azure innovation powers leading price-performance for SQL Server,https://azure.microsoft.com/en-us/blog/microsoft-azure-innovation-powers-leading-priceperformance-for-sql-server/,"As part of our commitment to ensuring that Microsoft Azure is the best place to run SQL Server and Windows Server, Microsoft is excited to announce that SQL Server on Azure Virtual Machines just achieved new, faster performance benchmarks than ever before. According to a report from analyst firm GigaOm, customers can get mission-critical performance for SQL Server on Azure Virtual Machines up to 57 percent faster and costing up to 54 percent less than AWS EC2 on a price-performance basis, with Azure Hybrid Benefit and a three-year commitment.1 As Pam Lahoud wrote, this steady increase in performance and value is the result of an ongoing series of investments in the core Azure infrastructure, including the Ebdsv5 virtual machine (VM) series that are optimized for your database workloads and new Premium SSD v2 Disk Storage that brings you faster performance than before, up to 70 percent faster than a year ago. But great hardware isn’t all we have for your SQL Server—Azure also has unmatched price offers, unique Windows Server and SQL Server manageability features, and tools and programs to get your workload to the cloud.",Cost Management,Azure SQL,https://zaatom.blob.core.windows.net/product-logo/azure-sql.svg
2023-02-28 00:00:00,10,Public preview: Tiering capability for premium block blob storage,https://azure.microsoft.com/en-us/updates/premiumtiering/,"Tier data seamlessly within a premium blob account depending on access patterns to optimize costs.




Azure Updates (RSS)
ID: premiumtiering
Source: Power Automate Dev (rowz)",Cost Management,Azure Blob Storage,https://zaatom.blob.core.windows.net/product-logo/azure-blob.svg
2023-02-27 00:00:00,11,Understanding Azure Savings Plans for Compute (Blog),https://www.techielass.com/understanding-azure-savings-plans-for-compute/,"The Azure savings plans for compute include compute service in any Azure region.  That means you can use a savings plan to get a discount on the following:

- Azure Virtual Machines
- Azure Dedicated Hosts
- Azure Container Instances
- Azure Functions premium plan
- Azure App Service

Some things are not included in the savings plans.
- With virtual machines(VM) bare-metal infrastructure, A, G and GS series are excluded.
- Savings plans are only applied to Azure Functions Premium Plans.

And they are only relevant to Premium v3 and Isolated v2 Azure App Services.",Cost Management,Azure Savings Plans,https://zaatom.blob.core.windows.net/product-logo/azure-service-savings-plan.svg
2023-02-21 00:00:00,17,5 Tips IDC outlines to optimize your cloud spend for 2023,https://info.idc.com/Cloud-Spend_Guide.html?utm_medium=social-organic&utm_source=twitter&utm_campaign=us-idc-fent-cloud-spend-guide&utm_idc=soo-twitter-idcus,"According to IDC - 
- 64% are spending more on cloud than originally budgeted.
- 50% of CEOs are very or extremely concerned about the growing expenditures of cloud.
- 10-30% of cloud spend is typically wasteful and can be optimized.
- 60% of IT departments have adopted FinOps.

5 Tips
1) Move Intentially
2) Optimize for Value
3) Embrace the Journey
4) Work Cross-Functionally
5) Start Early - Build a FinOps Team",Cost Management,Azure Cost Management,https://zaatom.blob.core.windows.net/product-logo/azure-cost-management.svg
2023-02-21 00:00:00,17,Quick Ways to Reduce Your Azure Costs,https://www.youtube.com/watch?v=zI6hCX9Zj1M,"Top tips to optimize cost savings using free tools and plans as you run workloads in Azure. Identify unnecessary spend in Azure Advisor through cost cutting, take advantage of new commitment-based savings plans based on expected utilization, employ cost avoidance tactics, such as setting budgets and monitoring with Microsoft Cost Management, and contain spend through new automation options. 

Workload Types
1) Stable and Predicatable Workloads - Reservation
2) Flexible and Spike Workloads - Spot and Reservation
3) Interuptable Workloads (e.g. Batch Jobs) - Spot

Quick Tips

1) Leverage AHUB Benefits for both Windows and SQL Server
	- Unlimited Virtualization Rights with Windows Data Center 
	- More Information - https://aka.ms/HybridBenefit

2) For SQL Server, leverage Constrained Core VMs for significant cost savings. SQL is licenced by Cores. 
	- Right size VMs

3) Know resource consumption by workload
	- Commitment based Consumption	
	- Use Azure Advisor (e.g. Right Size VMs)
	- Azure Savings Plans

4) Saving Plans and Reserve Instances
	- Saving Plans - More Flexibility if Resource Consumption Changes
	- Reserved Instances - Stable and Predictable

5) Setup Alerts to drive alerts by Azure Adivisor - Foresster Suggests up to 20% savings when using Azure Advisor

6) Setup Budgets with up to 5 Thresholds - Setup Action Groups (e.g. Automatically Stop VM)
	- Samples Scripts for Setting up budget automation runbooks - https://aka.ms/ACMrunbook
	- e.g. Setup Dev/Test VMs after hours

7) Use VMSS for autoscaling VMs based on demand
	- Predictive Auto Scale
	- Great for workloads with periodic spikes
	- Instance configuration across VMSS with Standard VMs and Spot VMs

8) Match Storage Types @11:40
	- Hot | Cold | Archive
	- New Option - Premium SSD v2 (Send to NIQ)
	- Decouples Storage Capacity from Disk Performance
	- @12:41 - Shows a 90% savings between Premium SSD vs. SSD v2.

9) Tags
	- Set Policy at Time of Deploymnet
	- Leverage Pre-Build 

More Guidance - https://aka.ms/Azure-DMWL",Cost Management,Azure Cost Management,https://zaatom.blob.core.windows.net/product-logo/azure-cost-management.svg
2023-02-21 00:00:00,17,Public Preview: Azure NetApp Files support for 2TiB capacity pools ,https://azure.microsoft.com/en-us/updates/public-preview-azure-netapp-files-support-for-2tib-capacity-pools/,"You can now choose a minimum size of 2TiB while creating a capacity pool. Capacity pools smaller than 4TiB in size can only be used with volumes using standard network features. This public preview of Azure NetApp Files capacity pool enhancement provides a more cost effective solution for running workloads such as SAP shared files and VDI which require lower capacity pool sizes for their capacity and performance needs. When you have less than 4 TiB capacity with proportional performance requirements, itallows customers to start with 2TiB as a minimum pool size and increase with 1 TiB increments. For capacity needs less than 4 TiB, this feature helps save money by allowing to re-evaluate volume planning to take advantage of savings of smaller capacity pools. This feature is supported in all regions with standard network features. 



Azure Updates (RSS)
ID: public-preview-azure-netapp-files-support-for-2tib-capacity-pools
Source: Power Automate (p/c/z)",Cost Management,Azure NetApp Files,https://zaatom.blob.core.windows.net/product-logo/azure-netapp-files.svg
2023-02-15 00:00:00,23,Public Preview: Azure Monitor container insights offers customizable cost optimization settings,https://azure.microsoft.com/en-us/updates/public-preview-azure-monitor-container-insights-offers-customizable-cost-optimization-settings/,"Azure Monitor container insights now allows customers to configure custom collection settings for the Perf, Inventory, InsightsMetrics, and KubeEvents tables to reduce their Log Analytics ingestion. Container insights now offers two dimensions for adjusting their container insights data collection settings in frequency and namespace. This new feature enables users to specify how often to collect data between 1 and 30 minutes at one minute increments. And users can opt to include or exclude certain namespaces from their data ingestion.



Azure Updates (RSS)
ID: public-preview-azure-monitor-container-insights-offers-customizable-cost-optimization-settings
Source: Power Automate (p/c/z)",Cost Management,Azure Kubernetes Service,https://zaatom.blob.core.windows.net/product-logo/azure-kubernetes.svg
2023-02-15 00:00:00,23,Public Preview: Azure Monitor container insights offers customizable cost optimization settings,https://azure.microsoft.com/en-us/updates/public-preview-azure-monitor-container-insights-offers-customizable-cost-optimization-settings/,"Azure Monitor container insights now allows customers to configure custom collection settings for the Perf, Inventory, InsightsMetrics, and KubeEvents tables to reduce their Log Analytics ingestion. Container insights now offers two dimensions for adjusting their container insights data collection settings in frequency and namespace. This new feature enables users to specify how often to collect data between 1 and 30 minutes at one minute increments. And users can opt to include or exclude certain namespaces from their data ingestion.



Azure Updates (RSS)
ID: public-preview-azure-monitor-container-insights-offers-customizable-cost-optimization-settings
Source: Power Automate (p/c/z)",Cost Management,Azure Monitor,https://zaatom.blob.core.windows.net/product-logo/azure-monitor.svg
2023-02-15 00:00:00,23,Public preview: New General-Purpose VMs - Dlsv5 and Dldsv5,https://azure.microsoft.com/en-us/updates/public-preview-new-generalpurpose-vms-dlsv5-and-dldsv5/,"The Dlsv5 and Dldsv5 VM series provide 2GiBs per vCPU and can offer lower price points within the general-purpose Azure Virtual Machines portfolio.  The Dlsv5 and Dldsv5 VM series are ideal for workloads that require less RAM per vCPU than standard general purpose VM sizes. Target workloads include web servers, gaming, video encoding, AI/ML, batch processing and more.  These VM series can potentially improve price-performance and reduce the cost of running workloads that do not require more memory per vCPU. The new VMs feature sizes with and without local temporary storage.



Azure Updates RSS
ID: public-preview-new-generalpurpose-vms-dlsv5-and-dldsv5
Source: Power Automate (z)",Cost Management,Azure Virtual Machines,https://zaatom.blob.core.windows.net/product-logo/azure-vm.svg
2023-02-14 00:00:00,24,Microsoft joins the FinOps Foundation,https://azure.microsoft.com/en-us/blog/microsoft-joins-the-finops-foundation/,"Microsoft has joined the FinOps Foundation as a premier member and has joined the Governing Board defining the strategy and vision of the organization.  Microsoft has joined the FinOps Foundation as a premier member and has joined the Governing Board defining the strategy and vision of the organization. Together, we can deliver unparalleled guidance and innovative solutions that empower organizations to increase efficiency and accelerate growth.

The FinOps Foundation is a non-profit organization hosted at the Linux Foundation dedicated to advancing people who practice the discipline of cloud financial management via best practices, education, and standards. The FinOps Foundation community is made up of practitioners around the world, including many of our valued Microsoft Cloud customers and partners. The FinOps Foundation hosts working groups and special interest groups covering topics like cost and usage data standardization, containers and Kubernetes, and sustainability based on real-world stories and expertise from the community.

We are excited to join the FinOps Foundation and our industry partners in defining, evangelizing, and implementing best practices and specifications like the FinOps Open Cost and Usage Specification (FOCUS). We’re already actively contributing to this program and looking forward to sharing our joint developments broadly.


Azure Cost Management 
ID: microsoft-joins-the-finops-foundation
Source: Power Automate (z)",Cost Management,Azure Cost Management,https://zaatom.blob.core.windows.net/product-logo/azure-cost-management.svg
2023-02-09 00:00:00,29,The Azure FinOps Guide,https://techcommunity.microsoft.com/t5/fasttrack-for-azure/the-azure-finops-guide/ba-p/3704132,"This article centralizes Azure FinOps (Financial Operations) information and tools to enabling a better understanding and optimization of cloud costs.

 The main purposes of this guide is to help customers do more with less by:

- Identifying cost-saving opportunities
- Optimizing cloud efficiency
- Gaining a better understanding and control of cloud costs",Cost Management,Azure Cost Management,https://zaatom.blob.core.windows.net/product-logo/azure-cost-management.svg
2023-02-01 00:00:00,37,Generally Available: Azure Kubernetes Service introduces two pricing tiers: Free and Standard,https://azure.microsoft.com/en-us/updates/generally-available-azure-kubernetes-service-introduces-two-pricing-tiers-free-and-standard/,"To better communicate the benefits and use cases for the two control plane management options, today, Azure Kubernetes Service (AKS) is introducing two pricing tiers: Free tier and Standard tier. Previously, few customers were aware of the uptime SLA support, and many did not have the uptime SLA feature enabled for critical production workload. With the Standard tier, we hope to help increase customer awareness and allow customers to gain the full benefits of the Standard tier for production workload to minimize disruption. 

AKS's unique Free tier allows you to only pay for the virtual machines, and associated storage and networking resources consumed, and you get the managed Kubernetes control plane for free. This allows you to deploy unlimited free test clusters to decide if AKS is right for your needs and allows you to configure and test your infrastructure set-up before running critical production workloads. The Free tier is recommended for clusters with less than 10 nodes and for experimenting, learning, and simple testing. 



Azure Updates 
ID: generally-available-azure-kubernetes-service-introduces-two-pricing-tiers-free-and-standard
Source: Power Automate",Cost Management,Azure Kubernetes Service,https://zaatom.blob.core.windows.net/product-logo/azure-kubernetes.svg
2023-01-31 00:00:00,38,Microsoft Cost Management updates—January 2023,https://azure.microsoft.com/blog/microsoft-cost-management-updates-january-2023/,"General availability of EA account management for indirect customers, recent and pinned views in the Cost analysis preview, 3 new preview features, 7 new ways to save, 1 video, and 6 doc updates.

1) Manage your Enterprise Agreement billing account in the Azure portal.
2) Recent and pinned views in the Cost analysis preview.
3) Consistent global pricing for the Microsoft Cloud.
4) Help shape the future of invoice experiences.
5) Help shape the future of cost management for cloud services.
6) What's new in Cost Management Labs.
	- General availability: DR secondary free with SQL Server on Azure Virtual Machines.
	- General availability: Arm-based VMs now available in four additional Azure regions.
	- Preview: License Geo-redundant Disaster Recovery for SQL Managed Instance for free.
	- Forrester study finds 228 percent ROI when modernizing applications on Azure PaaS.
	- Microsoft 365 Basic and more.
	- Microsoft 365 expands data residency offerings.
	- Dynamics 365 and Power Platform help you do more with less.
7) New ways to save money with Microsoft Cloud.
8) New videos and learning opportunities.
9) Documentation updates.



Azure Cost Management 
ID: microsoft-cost-management-updates-january-2023
Source: Power Automate",Cost Management,Azure Cost Management,https://zaatom.blob.core.windows.net/product-logo/azure-cost-management.svg
2023-01-30 00:00:00,39,Apply Azure storage access tiers to append blobs and page blobs with blob type conversion,https://azure.microsoft.com/en-us/updates/generally-available-apply-azure-storage-access-tiers-to-append-blobs-and-page-blobs-with-blob-type-conversion/,"Convert append blobs and page blobs to block blobs so that you can apply access tiers.

Azure Storage offers different access tiers so that you can store your blob data in the most cost-effective manner based on how it's being used. Azure Storage access tiers include hot tier, cool tier, and archive tier. Azure Storage access tiers support only block blobs natively. When you need to save cost of storing append blobs or page blobs, you can convert them to block blobs then move them into the most cost-efficient tiers based on your access patterns. Blob type conversion along with tiering is now supported by PowerShell, CLI and AzCopy.




Azure Updates 
ID: generally-available-apply-azure-storage-access-tiers-to-append-blobs-and-page-blobs-with-blob-type-conversion
Source: Power Automate",Cost Management,Azure Storage,https://zaatom.blob.core.windows.net/product-logo/azure-storage.svg
2023-01-10 00:00:00,59,Implementing Azure Cost Optimization internally at Microsoft,https://www.microsoft.com/insidetrack/blog/implementing-microsoft-azure-cost-optimization-internally-at-microsoft/,"",Cost Management,Azure Cost Management,https://zaatom.blob.core.windows.net/product-logo/azure-cost-management.svg
2023-01-04 00:00:00,65,Architecture Cost Optimization - Practical Design Steps for Architects & Developers (Part 3),https://techcommunity.microsoft.com/t5/azure-architecture-blog/part-3-architectural-cost-optimisation-practical-design-steps/ba-p/3708993,"1) Eliminate Web Server Tier and use Static Web Apps

2) Database Economic Architectures

3) VM Architecture vs. Container Deployment

4) Functions and Event Driven Architectures",Cost Management,Azure Cost Management,https://zaatom.blob.core.windows.net/product-logo/azure-cost-management.svg
2023-01-02 00:00:00,67,Reduce TCO of Azure Kubernetes Service (AKS) Clusters,https://techcommunity.microsoft.com/t5/fasttrack-for-azure/how-to-reduce-the-total-cost-of-ownership-tco-of-your-azure/ba-p/3706895?utm_source=dlvr.it&utm_medium=twitter,"If you want to minimize the number of unused cores, you can use the following general guidelines to improve the density of your workloads and reduce the number of VMs to the bare minimum.

1) Use cluster autoscaler, Kubernetes Event-Driven Autoscaler (KEDA), and Horizontal Pod Autoscaler
2) Set request and limits for pods
3) Use ResourceQuota objects to set quotas
4) Use Vertical Pod Autoscaler (VPA)
5) Choose the right VM Size
6) Find and delete unattached Azure Managed and Unmanaged Disks
7) Review the Cost Optimization section of the Azure Well-Architected Framemork for AKS",Cost Management,Azure Kubernetes Service,https://zaatom.blob.core.windows.net/product-logo/azure-kubernetes.svg
2022-12-20 00:00:00,80,Microsoft Cost Management 2022 year in review,https://azure.microsoft.com/blog/microsoft-cost-management-2022-year-in-review/,"In some ways, 2022 is what we expected out of 2021. Perhaps it’s better late than never, but the world is beginning to get back to normal—albeit a new normal where hybrid work is a default rather than an exception for many of us. In this new world, demands on our time have increased exponentially, making it more critical than ever to focus on maximizing value, return on investment, and cloud efficiencies. And that’s exactly what you saw as we doubled down on savings opportunities in 2022.

2023
Cost Analysis GA

2022
January - Multitasking
February - Anomaly Detection (Preivew)
April - Summarized Totals, Download Azure Prices
May - Anomaly Alerts
June - Azure Mobile App
July - Cost Details API
September - Cost Savings Insights
October - Group Resources your own Way with cm-resource-parent tag
November - Changes since the Previous Period


Source: Power Automate
Azure Cost Management ID: microsoft-cost-management-2022-year-in-review",Cost Management,Azure Cost Management,https://zaatom.blob.core.windows.net/product-logo/azure-cost-management.svg
2022-12-12 00:00:00,88,Public preview: Use tag inheritance for cost management,https://azure.microsoft.com/en-us/updates/preview-use-tag-inheritance-for-cost-management/,"Use tag inheritance preview to automatically apply subscription and resource group tags to child resource usage records.


Source: Power Automate 
Azure Updates ID: preview-use-tag-inheritance-for-cost-management",Cost Management,Azure Tag Service,https://zaatom.blob.core.windows.net/product-logo/azure-service-tags.svg
2022-12-05 00:00:00,95,Understanding Azure Reservations vs Savings Plans,https://techcommunity.microsoft.com/t5/core-infrastructure-and-security/quick-reference-understanding-azure-reservations-vs-savings/ba-p/3689070,"High-level overview from Brandon Wilson (Microsoft Cloud Solution Architect) discussing the differences between Azure Reservations and Azure Savings Plans.

Simply put, an Azure savings plan is a method of obtaining cost reductions for resources based on an hourly commitment charge. That hourly commitment should not come from out of the blue, but instead based on your current utilization for your environment/workloads/resources. If you overcommit, then you will end up with waste, however for anything over your commitment, you are charged at the pay-as-you-go rate. Its very important to note that not all resources can have savings plans applied. If you have both reservations and a savings plan, the reservation will take precedence. If you have multiple savings plans, then the savings plan that offers the most savings will be used automatically (which is always the case with savings plans for compute). If you anticipate your infrastructure or workloads to change relatively frequently, whether that means changing regions, changing VMs (outside of the flexibility group), etc, then savings plans would make the most sense.

Savings plans can be paid for monthly or upfront, and can be applied to the following resources (as of this writing):

- Virtual Machines (only the compute costs; ie; it does not include storage, network, licensing, etc)
- Azure Dedicated Host (as with VMs, only the compute costs are covered by the savings plan)
- Container Instances
- Azure Premium Functions
- Azure App Services (not all are included; Pv3 or isolated v2 is required)

NOTE: Savings plans are not restricted to VM/instance series, OS, or regions, making them more flexible than reservations.",Cost Management,Azure Savings Plans,https://zaatom.blob.core.windows.net/product-logo/azure-service-savings-plan.svg
2022-11-30 00:00:00,100,Preview: Tag Inheritance to group resource costs,https://azure.microsoft.com/en-us/blog/microsoft-cost-management-updates-november-2022/#Use%20tag%20inheritance%20to%20group%20by%20subscription%20and%20resource%20group%20tags,"",Cost Management,Azure Tag Service,https://zaatom.blob.core.windows.net/product-logo/azure-service-tags.svg
2022-11-30 00:00:00,100,View Cost Changes since Previous Period,https://azure.microsoft.com/en-us/blog/microsoft-cost-management-updates-november-2022/?wt.mc_id=micflan_cmupdates_2022-12#View%20cost%20change%20since%20previous%20period%20in%20the%20Cost%20analysis%20preview,"Perhaps the most powerful aspect of the cloud is the flexibility it offers. But that flexibility comes at a cost–and while you can always get a good cost estimate from the Azure pricing calculator, most of us aren’t thinking about cost when we’re focused on solving a problem. This is where cloud computing becomes challenging–if we don’t understand the cost implications of the changes we make, we may very well get a surprise at the end of the month. To help spot these changes sooner, you can now find the percentage change since the previous period in the Cost analysis preview.",Cost Management,Azure Cost Management,https://zaatom.blob.core.windows.net/product-logo/azure-cost-management.svg
2022-11-30 00:00:00,100,New cost recommendations for VMSS,https://azure.microsoft.com/en-us/blog/microsoft-cost-management-updates-november-2022/#New%20cost%20recommendations%20for%20virtual%20machine%20scale%20sets,"With a huge uptick in the usage of virtual machine scale sets (VMSS) over recent years, ensuring efficient use of VMSS resources is more important than ever. And as with virtual machines, one of the best ways to drive efficiency of VMSS is by right-sizing or deleting underutilized resources. To that end, Azure Advisor now includes cost optimization recommendations for VMSS.

Given the scale at which VMSS runs with multiple virtual machine instances, right-sizing is even more critical. So not only is it possible to over-provision the size or stock keeping unit (SKU) of the virtual machines, it’s also possible to over-provision the instances relative to the needs of the workloads running on these virtual machines. VMSS may also be used as the underlying infrastructure for Service Fabric, which has certain recommendations on the number of instances to be used, based on the reliability/durability tier.",Cost Management,Azure VM Scale Sets,https://zaatom.blob.core.windows.net/product-logo/azure-vm-scale-sets.svg
2022-11-30 00:00:00,100,Generally available: 55+ Always Free Services for Developers,https://azure.microsoft.com/en-us/updates/generally-available-additional-always-free-services-for-azure-free-account-and-payg/,"With an Azure free account, you can explore with free amounts of 55+ always free services.

55+ Always Free Services 
- Azure CosmosDB
- Azure AppService 
- Azure Functions (1M Requests)
- Azure Event Grid (10K Operations)
...


Source: Power Automate 
Azure Updates ID: generally-available-additional-always-free-services-for-azure-free-account-and-payg",Cost Management,Azure Free Services,https://zaatom.blob.core.windows.net/product-logo/azure-free-services.svg
2022-11-29 00:00:00,101,Microsoft Cost Management updates—November 2022,https://azure.microsoft.com/blog/microsoft-cost-management-updates-november-2022/,"What better way to go into the holiday season than with a long-awaited, major new preview for Cost Management tag inheritance. Add new cost recommendations for VM scale sets and 3 new preview features in the Cost analysis preview on top of 8 new and updated offers to help you save, 76 cost-related sessions from Ignite, and 7 key doc updates and there's quite a bit to sink your teeth into from November.


Source: Power Automate
Azure Cost Management ID: microsoft-cost-management-updates-november-2022",Cost Management,Azure Cost Management,https://zaatom.blob.core.windows.net/product-logo/azure-cost-management.svg
2022-11-16 00:00:00,114,General availability: DR secondary free with SQL Server on Azure Virtual Machines,https://azure.microsoft.com/en-us/updates/general-availability-dr-secondary-free-with-sql-server-on-azure-virtual-machines/,"With your pay-as-you-go account, you now have a high availability secondary and a disaster recovery secondary server for your SQL Server on Virtual Machines at no additional license cost. With the new high availability/disaster recovery benefit, you can license up to two passive secondaries for free. The only license cost for them would be the primary and not for their secondary instances.



Azure Updates 
ID: general-availability-dr-secondary-free-with-sql-server-on-azure-virtual-machines
Source: Power Automate",Cost Management,SQL Server,https://zaatom.blob.core.windows.net/product-logo/azure-sql-server.svg
2022-11-16 00:00:00,114,General availability: DR secondary free with SQL Server on Azure Virtual Machines,https://azure.microsoft.com/en-us/updates/general-availability-dr-secondary-free-with-sql-server-on-azure-virtual-machines/,"With your pay-as-you-go account, you now have a high availability secondary and a disaster recovery secondary server for your SQL Server on Virtual Machines at no additional license cost. With the new high availability/disaster recovery benefit, you can license up to two passive secondaries for free. The only license cost for them would be the primary and not for their secondary instances.



Azure Updates 
ID: general-availability-dr-secondary-free-with-sql-server-on-azure-virtual-machines
Source: Power Automate",Cost Management,Azure Virtual Machines,https://zaatom.blob.core.windows.net/product-logo/azure-vm.svg
2022-11-16 00:00:00,114,Public preview: License Geo-redundant Disaster Recovery for SQL Managed Instance for free,https://azure.microsoft.com/en-us/updates/public-preview-license-georedundant-disaster-recovery-for-sql-managed-instance-for-free/,"You can now add a free passive secondary instance in another Azure region for no additional license cost, allowing you to have an up to date secondary at all times. Instantaneous fail-over drills are included in this benefit; however, production applications should not be connected to the secondary instance. This new benefit adds cost effective geo-redundancy to your business continuity plans in the case of failover in one region. 



Azure Updates 
ID: public-preview-license-georedundant-disaster-recovery-for-sql-managed-instance-for-free
Source: Power Automate",Cost Management,Azure SQL Managed Instance,https://zaatom.blob.core.windows.net/product-logo/azure-managed-sql.svg
2022-11-09 00:00:00,121,General availability: New cost recommendations for Virtual Machine Scale Sets,https://azure.microsoft.com/en-us/updates/general-availability-new-cost-recommendations-for-virtual-machine-scale-sets/,"You can use new cost recommendations for Virtual Machine Scale Sets for optimization.


Source: Power Automate 
Azure Updates ID: general-availability-new-cost-recommendations-for-virtual-machine-scale-sets",Cost Management,Azure VM Scale Sets,https://zaatom.blob.core.windows.net/product-logo/azure-vm-scale-sets.svg
2022-11-08 00:00:00,122,"General availability: Virtual Machine software 3rd party reservationsuch as Canonical, Citrix",https://azure.microsoft.com/en-us/updates/general-availability-virtual-machine-software-reservations/,"You can now save on Virtual Machine software from third-party publishers by purchasing software reservations.

The new Virtual Machine software reservations enable savings on your Virtual Machine software costs when you make a one- to three-year commitment for plans offered by third-party publishers such as Canonical, Citrix, and Red Hat.


Source: Power Automate 
Azure Updates ID: general-availability-virtual-machine-software-reservations",Cost Management,Azure Reservations,https://zaatom.blob.core.windows.net/product-logo/azure-reservations.svg
2022-10-28 00:00:00,133,Microsoft Cost Management Updates - October 2022,https://azure.microsoft.com/en-us/blog/microsoft-cost-management-updates-october-2022/,"We're always looking for ways to learn more about your challenges and how Microsoft Cost Management can help you better understand where you're accruing costs in the cloud, identify and prevent bad spending patterns, and optimize costs to empower you to do more with less. Here are a few of the latest improvements and updates based on your feedback:

1)   Introducing Azure savings plans.
2)   Group costs by Azure Virtual Desktop host pool.
3)   Azure Advisor score now generally available.
4)   Help shape the future of cost management for cloud services.
5)   Cost optimization using Azure Migrate.
6)   Drive efficiency through automation and AI.
7)   What's new in Cost Management Labs.
8)   New ways to save money with Microsoft Cloud.
9)   New videos and learning opportunities.
10) Documentation updates.
11) Join the Microsoft Cost Management team.",Cost Management,Azure Cost Management,https://zaatom.blob.core.windows.net/product-logo/azure-cost-management.svg
2022-10-26 00:00:00,135,Microsoft Cost Management updates—October 2022,https://azure.microsoft.com/blog/microsoft-cost-management-updates-october-2022/,"Get ready to amp up your savings! October is all about cost optimization with Azure savings plans—a more flexible way to save by pre-committing to hourly usage—the GA of the Azure Advisor score, Azure Migrate improvements, automation with Microsoft Syntex and Power Platform, and 9 other new or updated offers to help you save. You'll also learn how to group related AVD costs with 2 new videos and see 2 doc updates.


Source: Power Automate
Azure Cost Management ID: microsoft-cost-management-updates-october-2022",Cost Management,Azure Cost Management,https://zaatom.blob.core.windows.net/product-logo/azure-cost-management.svg
2022-10-18 00:00:00,143,General availability: Azure savings plan for compute,https://azure.microsoft.com/en-us/updates/general-availability-azure-savings-plan-for-compute/,"Today, we’re officially announcing the general availability for Azure savings plan for compute. 


Power Automate 
Azure Updates ID: general-availability-azure-savings-plan-for-compute",Cost Management,Azure Savings Plans,https://zaatom.blob.core.windows.net/product-logo/azure-service-savings-plan.svg
2022-10-17 00:00:00,144,Granular Billing for Azure Data Factory,https://techcommunity.microsoft.com/t5/azure-data-factory-blog/granular-billing-for-azure-data-factory/ba-p/3654600,"By default, Azure Data Factory reports lump sum charges for billing, meaning that at the factory level, we add up charges across all pipelines within a factory, and tell you how much you have spent on these pipelines. In many cases, these aggregate numbers should suffice. But in others, these numbers lack the clarity and transparency that we thrive to provide customers. For instance, if you are running data pipelines for multiple teams, you may want to determine the cost for each pipeline, for proper book-keeping and/or charge backs.",Cost Management,Azure Data Factory,https://zaatom.blob.core.windows.net/product-logo/azure-data-factory.svg
2022-10-12 00:00:00,149,General availability: Azure Monitor Logs - Capabilities to add value and lower costs,https://azure.microsoft.com/en-us/updates/general-availability-azure-monitor-logs-capabilities-to-add-value-and-lower-costs/,"Azure Monitor Logs are announcing the general availability of four log analytics capabilities that will help increase cost effectiveness of log data:

1) Basic logs - a cost effective solution for high-volume verbose logs. You can now configure high-volume verbose logs tables as basic logs and reduce the cost of storing data that you use for debugging, troubleshooting, and auditing.

2) Long-term archiving of logs for security and compliance. Log archival enables extending the retention period of your Log Analytic table and storing your logs in-place for up to seven years with significant price reduction.

You can access the archived logs using a search job or by temporarily restoring a set of logs. 

3) Search job - a new tool that asynchronously scans petabytes of data and fetches all relevant records into a new persistent Log Analytics table.

4) Restore - an operation that makes a specific time range of data in a table available in the hot cache for high-performance queries.",Cost Management,Azure Monitor,https://zaatom.blob.core.windows.net/product-logo/azure-monitor.svg
2022-10-05 00:00:00,156,Cost Optimization with Azure Migrate,https://azure.microsoft.com/en-us/blog/cost-optimization-using-azure-migrate/,"Azure Migrate’s comprehensive suite includes many features to optimize cost, while catering to your performance needs to meet service level agreements (SLAs). Agentless discovery and mapping of your entire on-premises IT estate, software inventory analysis for assessment and planning, and right-sized migration using a single portal to start, run, and track your projects, are a few cost-effective features that also contribute to ease of use. Once in Azure, the path towards greater optimization and cost savings continues through modernization to platform as a service (PaaS) and software as a service (SaaS).",Cost Management,Azure Migrate,https://zaatom.blob.core.windows.net/product-logo/azure-migrate.svg
2022-10-03 00:00:00,158,Configure Auto-Stop for Inactive Compute Instances,https://learn.microsoft.com/en-us/azure/machine-learning/how-to-create-manage-compute-instance?tabs=python#configure-auto-stop-preview,"Configure auto-stop for idle compute instances: This feature automatically shuts down inactive compute instances, which in turn saves you from paying for compute instances you are not using",Cost Management,Azure Machine Learning,https://zaatom.blob.core.windows.net/product-logo/azure-machine-learning.svg
2022-09-14 00:00:00,177,Generally available: Reserved capacity for Azure Backup Storage,https://azure.microsoft.com/en-us/updates/reserved-capacity-pricing-for-backup-storage/,Save up to 24 percent on your usage of Azure Backup Storage by purchasing reserved capacity storage. The reservation discount will automatically apply to your matching Backup Storage and the process of purchasing a reservation is streamlined. Reservations are available on a one-year basis for up to a 16 percent discount or on a three-year basis for a 24 percent discount.,Cost Management,Azure Storage,https://zaatom.blob.core.windows.net/product-logo/azure-storage.svg
2022-08-17 00:00:00,205,General availability: Reservation pricing for Azure Cache for Redis Enterprise,https://azure.microsoft.com/en-us/updates/general-availability-reserved-instance-pricing-for-azure-cache-for-redis-enterprise/,"",Cost Management,Azure Cache for Redis,https://zaatom.blob.core.windows.net/product-logo/azure-redis-cache.svg
2022-07-25 00:00:00,228,General availability: Microsoft Cost Details API for EA and MCA customers,https://azure.microsoft.com/en-us/updates/cost-details-api/,"",Cost Management,Azure Cost Management,https://zaatom.blob.core.windows.net/product-logo/azure-cost-management.svg
2022-07-01 13:56:49,252,Azure Cost Management Blog,https://azure.microsoft.com/en-us/blog/tag/cost-management/,"",Cost Management,Azure Cost Management,https://zaatom.blob.core.windows.net/product-logo/azure-cost-management.svg
2022-05-31 00:00:00,283,Anomaly Detection Alerts,https://azure.microsoft.com/en-us/blog/microsoft-cost-management-updates-may-2022/?wt.mc_id=micflan_cmupdates_2022-12#Anomaly,"First, the anomaly detection model has been significantly improved to predict and detect anomalies more accurately. Hopefully, you won’t even notice this silent improvement, but we’re excited to see the results and wanted to at least share that with you. Improving detection accuracy is critical and we’ll continue to invest in that going forward.

Second, you probably won’t be surprised that the top request we’ve heard has been that you want to get notified when an anomaly is detected. This month, we’ve fully rolled out anomaly detection alerts and are already seeing broad adoption. If you haven’t seen it yet, getting setup is easy:

Start on a subscription scope.
- Open the Cost alerts page.
- Select +Add > Add anomaly alert.
- Add your desired recipients and submit.",Cost Management,Azure Cost Management,https://zaatom.blob.core.windows.net/product-logo/azure-cost-management.svg
2022-03-14 21:31:27,361,Control Spending with Azure Cost Management & Billing (Learning Path),https://docs.microsoft.com/en-us/learn/paths/control-spending-manage-bills/?WT.mc_id=ignite2020_collections,"",Cost Management,Azure Cost Management,https://zaatom.blob.core.windows.net/product-logo/azure-cost-management.svg
2022-01-03 09:44:21,431,Microsoft Azure Well-Architected Framework,https://docs.microsoft.com/en-us/azure/architecture/framework/,"",Cost Management,,
2021-11-02 13:57:38,493,Azure Reservations,https://docs.microsoft.com/en-us/azure/cost-management-billing/reservations/save-compute-costs-reservations,"",Cost Management,Azure Reservations,https://zaatom.blob.core.windows.net/product-logo/azure-reservations.svg
2019-09-06 00:00:00,1281,Azure Cost Management - Save and Share Customized Views,https://azure.microsoft.com/en-us/updates/save-views-in-azure-cost-management/,"Customizing a view in Cost Management is easy—Pick the date range you need, group the data to see a breakdown, choose the right visualization, and you're good to go. Pin your view to a dashboard (1) for one-click access, then share the dashboard with your team. It’s also possible to share a direct link (2) to your customized view so others can copy and personalize it for themselves.",Cost Management,Azure Cost Management,https://zaatom.blob.core.windows.net/product-logo/azure-cost-management.svg
